<?xml version='1.0' encoding='UTF-8'?>
<archive xmlns:SOAP-ENV="http://schemas.xmlsoap.org/soap/envelope/" xmlns:SOAP-ENC="http://schemas.xmlsoap.org/soap/encoding/" xmlns:xsd="http://www.w3.org/2001/XMLSchema" xmlns:xsi="http://www.w3.org/2001/XMLSchema-instance" xmlns:bus="http://developer.cognos.com/schemas/bibus/3/" xmlns:cm="http://developer.cognos.com/schemas/bibus/3/">
<!-- CM Build=11.0.13.20 -->
  <objects>
	<object>
		<class>dataSource</class>
		<name>old_REPORTER</name>
		<id>1</id>
		<parentId>0</parentId>
		<storeID>i21B6FF8ACC514529AA380B53369F8832</storeID>
		<props>
			<creationTime>
				<value>2020-06-10T10:51:22.364Z</value>
			</creationTime>
			<modificationTime>
				<value>2020-06-10T12:14:33.391Z</value>
			</modificationTime>
			<name>
				<value><item><locale xsi:type="xsd:string">en-us</locale><value xsi:type="xsd:string">old_REPORTER</value></item>
</value>
			</name>
			<owner>
				<value><item><searchPath xsi:type="cm:stringProp">
	<value xsi:type="xsd:string" xml:space="preserve">CAMID(&quot;::Anonymous&quot;)</value>
</searchPath>
<storeID xsi:type="cm:guidProp">
	<value xsi:type="cm:guid" xml:space="preserve">xOjpBbm9ueW1vdXM_</value>
</storeID></item>
</value>
			</owner>
			<tenantID>
				<value></value>
			</tenantID>
			<displaySequence>
				<value>0</value>
			</displaySequence>
			<hidden>
				<value>false</value>
			</hidden>
			<viewed>
				<value>false</value>
			</viewed>
			<openSessionCommands>
				<value>&amp;lt;commandBlock&amp;gt;
	&amp;lt;commands&amp;gt;    
		&amp;lt;sqlCommand&amp;gt;
			&amp;lt;sql&amp;gt;SET CURRENT SCHEMA = REPORTER&amp;lt;/sql&amp;gt;
		&amp;lt;/sqlCommand&amp;gt;
	&amp;lt;/commands&amp;gt; 
&amp;lt;/commandBlock&amp;gt;</value>
			</openSessionCommands>
			<capabilities>
				<value><item>http://developer.cognos.com/ceba/constants/dataSourceCapabilityEnum#reporting</item>
</value>
			</capabilities>
		</props>
	</object>
	<object>
		<class>dataSource</class>
		<name>REPORTER</name>
		<id>2</id>
		<parentId>0</parentId>
		<storeID>i1F5C27F4902745868DA66865DA1622AD</storeID>
		<props>
			<creationTime>
				<value>2020-06-10T12:41:21.274Z</value>
			</creationTime>
			<modificationTime>
				<value>2020-06-10T12:41:21.407Z</value>
			</modificationTime>
			<name>
				<value><item><locale xsi:type="xsd:string">en-us</locale><value xsi:type="xsd:string">REPORTER</value></item>
</value>
			</name>
			<owner>
				<value><item><searchPath xsi:type="cm:stringProp">
	<value xsi:type="xsd:string" xml:space="preserve">CAMID(&quot;::Anonymous&quot;)</value>
</searchPath>
<storeID xsi:type="cm:guidProp">
	<value xsi:type="cm:guid" xml:space="preserve">xOjpBbm9ueW1vdXM_</value>
</storeID></item>
</value>
			</owner>
			<tenantID>
				<value></value>
			</tenantID>
			<displaySequence>
				<value>0</value>
			</displaySequence>
			<hidden>
				<value>false</value>
			</hidden>
			<viewed>
				<value>false</value>
			</viewed>
			<capabilities>
				<value><item>http://developer.cognos.com/ceba/constants/dataSourceCapabilityEnum#reporting</item>
</value>
			</capabilities>
		</props>
	</object>
	<object>
		<class>dataSourceConnection</class>
		<name>REPORTER</name>
		<id>3</id>
		<parentId>1</parentId>
		<storeID>iA6B64523ADFC434399B945F022E828C5</storeID>
		<props>
			<creationTime>
				<value>2020-06-10T10:51:22.709Z</value>
			</creationTime>
			<modificationTime>
				<value>2020-06-10T10:51:22.737Z</value>
			</modificationTime>
			<name>
				<value><item><locale xsi:type="xsd:string">en-us</locale><value xsi:type="xsd:string">REPORTER</value></item>
</value>
			</name>
			<owner>
				<value><item><searchPath xsi:type="cm:stringProp">
	<value xsi:type="xsd:string" xml:space="preserve">CAMID(&quot;::Anonymous&quot;)</value>
</searchPath>
<storeID xsi:type="cm:guidProp">
	<value xsi:type="cm:guid" xml:space="preserve">xOjpBbm9ueW1vdXM_</value>
</storeID></item>
</value>
			</owner>
			<tenantID>
				<value></value>
			</tenantID>
			<displaySequence>
				<value>0</value>
			</displaySequence>
			<hidden>
				<value>false</value>
			</hidden>
			<viewed>
				<value>false</value>
			</viewed>
			<connectionString>
				<value>^User ID:^?Password:;LOCAL;D2;DSN=REPORTER;UID=%s;PWD=%s;@ASYNC=0@0/0@COLSEQ=IBM_JD_CNX_STR:^User ID:^?Password:;LOCAL;JD-D2;URL=jdbc:db2://easy.sbank.uk.eurolabs.ibm.com:50000/REPORTER:currentSchema=REPORTER;;DRIVER_NAME=com.ibm.db2.jcc.DB2Driver</value>
			</connectionString>
		</props>
	</object>
	<object>
		<class>dataSourceConnection</class>
		<name>REPORTER</name>
		<id>4</id>
		<parentId>2</parentId>
		<storeID>i51D0D447D1AA46C287A8DCEAE03D0FE8</storeID>
		<props>
			<creationTime>
				<value>2020-06-10T12:41:21.407Z</value>
			</creationTime>
			<modificationTime>
				<value>2020-06-10T12:41:21.436Z</value>
			</modificationTime>
			<name>
				<value><item><locale xsi:type="xsd:string">en-us</locale><value xsi:type="xsd:string">REPORTER</value></item>
</value>
			</name>
			<owner>
				<value><item><searchPath xsi:type="cm:stringProp">
	<value xsi:type="xsd:string" xml:space="preserve">CAMID(&quot;::Anonymous&quot;)</value>
</searchPath>
<storeID xsi:type="cm:guidProp">
	<value xsi:type="cm:guid" xml:space="preserve">xOjpBbm9ueW1vdXM_</value>
</storeID></item>
</value>
			</owner>
			<tenantID>
				<value></value>
			</tenantID>
			<displaySequence>
				<value>0</value>
			</displaySequence>
			<hidden>
				<value>false</value>
			</hidden>
			<viewed>
				<value>false</value>
			</viewed>
			<connectionString>
				<value>^User ID:^?Password:;LOCAL;D2;DSN=REPORTER;UID=%s;PWD=%s;@ASYNC=0@0/0@COLSEQ=IBM_JD_CNX_STR:^User ID:^?Password:;LOCAL;JD-D2;URL=jdbc:db2://easy.sbank.uk.eurolabs.ibm.com:50000/REPORTER;DRIVER_NAME=com.ibm.db2.jcc.DB2Driver</value>
			</connectionString>
		</props>
	</object>
  </objects>
</archive>
